term,def,context,type,cat
Balcony Smoker,"A passenger who smokes on their private balcony despite cruise-line bans, often drawing complaints from neighboring cabins.",Recurring pet peeve on r/royalcaribbean; nearly all major lines prohibit it and can issue fines.,passenger,Behavior & Archetypes
Buffet Glutton / Buffet Hawk,"A passenger who piles plates well beyond what they can eat, or who hovers aggressively at the buffet line.",Related term 'buffet licker' appeared in Carnival forums after viral stories of passengers contaminating serving utensils.,passenger,Behavior & Archetypes
Chair Hog / Pool Pirate / Seat Saver / LCH,"A passenger who 'reserves' a poolside lounger by draping a towel, flip-flops, or a book on it, then disappears for hours. LCH (Lounge Chair Hog) is the forum abbreviation.",Carnival's official ChairShare Team places a timed sticker on unattended chairs and removes belongings to the towel hut after 40 minutes. Norwegian has been documented actively pulling abandoned items.,passenger,Behavior & Archetypes
Cruise Duck / Duck Hunt,A passenger game of hiding small rubber ducks around the ship for others to find and keep or rehide.,"Started in March 2018 when 10-year-old Abby Davis hid 50 ducks on a Carnival sailing from Galveston. Her mother co-founded the 'Cruising Ducks – Original' Facebook group, now 264,000+ members. Now nearly universal across cruise lines.",passenger,Behavior & Archetypes
Cruisebug,The compulsion to immediately book another cruise the moment you disembark — or sometimes before the ship even docks.,,passenger,Behavior & Archetypes
Cruise Hangover / Post-Cruise Blues / PCD,"The low-grade melancholy that sets in after returning home when nobody is making your bed, folding towel animals, or bringing drinks on demand. PCD = Post-Cruise Depression.",,passenger,Behavior & Archetypes
Cruise Newbie / First-Timer / Cruise Virgin,"A passenger on their first sailing. Recognizable by asking questions veterans find obvious, e.g., calling the ship a 'boat.'",,passenger,Behavior & Archetypes
Elevator Hog,"A passenger who shoves into a full elevator before letting people exit, or presses every floor button.",,passenger,Behavior & Archetypes
The Love Boat Effect,"The cheerful, flirtatious, optimistic mood that overtakes passengers mid-cruise, named after the 1970s TV show set on the Pacific Princess.",,passenger,Behavior & Archetypes
Magnet Stealer,A passenger who removes cabin door magnets or décor from other staterooms. A recurring Reddit grievance.,"Door decorating with themed magnets is a widespread custom, especially on Carnival and Disney sailings.",passenger,Behavior & Archetypes
Mustard Drill,A humorously common mispronunciation or misspelling of 'muster drill' by cruise newcomers. Veterans find it endearing. Occasionally.,,passenger,Behavior & Archetypes
Pier Runner / Dock Runner,"A passenger sprinting down the pier as the ship's horn sounds, having cut their port visit too close and nearly — or actually — missed all-aboard time. Also called a Dock Runner (DR) in forum shorthand.",Cruise Critic dedicates recurring content to pier-runner stories. Royal Caribbean's app now includes a port-day countdown specifically to reduce incidents. The ship does not wait.,passenger,Behavior & Archetypes
Aft Cabin / Wake View,"A stateroom at the ship's stern, typically with a balcony overlooking the ship's wake. Sought by veterans for the view and the relative quiet.",,nautical,Cabin & Stateroom
Balcony / Veranda,A stateroom with a private outdoor space. Called 'veranda' on some luxury lines.,,nautical,Cabin & Stateroom
French Balcony / Juliet Balcony,A floor-to-ceiling sliding glass door with a railing flush to the hull — the illusion of a balcony with no actual outdoor standing space.,,passenger,Cabin & Stateroom
GTY / Guarantee Cabin,"A booking option where you select a category (inside, oceanview, balcony, suite) but the cruise line assigns the specific cabin, often days before sailing. Usually cheaper; specific location is unknown until assignment.",Risk: possible obstructed-view cabin or inconvenient location. Reward: occasional upsell to a higher category.,crew,Cabin & Stateroom
The Haven (NCL),"Norwegian Cruise Line's keycard-access luxury enclave featuring a private restaurant, bar, sundeck, and pool — a ship within a ship. Pioneered by NCL in 2005, named 'The Haven' in 2011.",,crew,Cabin & Stateroom
Hump Cabin / Bump Cabin,A balcony cabin positioned on the outward curve ('hump') of a ship's midship section — typically featuring an oversized balcony and partial views toward both bow and stern.,"Particularly prized on Royal Caribbean's Voyager-, Radiance-, and Freedom-class ships. Heavily discussed on Cruise Critic and Cruise Addicts forums.",passenger,Cabin & Stateroom
Inside / Interior Cabin,A stateroom with no window or porthole — the most affordable cabin type. Often chosen by passengers who plan to spend little time in the room.,,nautical,Cabin & Stateroom
Junior Suite,"A larger stateroom that occupies a middle ground between a balcony and a full suite — sleeping and living areas separated, but not a fully distinct suite experience.",,crew,Cabin & Stateroom
Obstructed View,"A cabin whose window or balcony sight line is partially or fully blocked by lifeboats, davits, or ship structure. Usually sold at a discount.",,passenger,Cabin & Stateroom
Oceanview / Outside Cabin,A stateroom with a window or porthole but no balcony.,,nautical,Cabin & Stateroom
Pullman / Murphy Bed,A fold-down bunk or wall bed used for a 3rd or 4th occupant in a stateroom.,,crew,Cabin & Stateroom
The Sanctuary (Princess),Princess Cruises' adults-only top-deck retreat. Expanded to a full 'Sanctuary Collection' ship-within-a-ship concept on newer Sun-class vessels.,,crew,Cabin & Stateroom
Spa Cabin,A stateroom with spa access bundled into the booking — typically located near the ship's spa facility with added wellness perks.,,crew,Cabin & Stateroom
Studio Cabin,"A compact stateroom designed for solo travelers, eliminating the single supplement. Pioneered by Norwegian Cruise Line.",,crew,Cabin & Stateroom
Virtual Balcony,An inside cabin fitted with a floor-to-ceiling HD screen showing a live exterior feed — the view without the balcony. Found on Royal Caribbean's Quantum-class ships and newer.,,crew,Cabin & Stateroom
Yacht Club (MSC),"MSC Cruises' gated suite enclave with butler service, private restaurant, and a dedicated sundeck — described by MSC as 'an authentic ship within a ship.'",,crew,Cabin & Stateroom
Anytime / My Time / Freestyle Dining,"Open-seating dinner that lets you arrive when you want rather than on a fixed schedule. Called 'Anytime' on Princess, 'My Time' on Royal Caribbean, 'Select' on Celebrity, 'Freestyle' on Norwegian.",,crew,Dining
Captain's Table,The honor of dining with the ship's captain or senior officers in the main dining room — typically by invitation for longer voyages or repeat cruisers.,,crew,Dining
Chef's Table,"A surcharge multi-course dining experience, often held in or near the galley, with direct interaction with the executive chef.",,crew,Dining
DBP / PBP,Deluxe Beverage Package / Premium Beverage Package — all-inclusive adult drink add-ons offered by Royal Caribbean and Celebrity respectively.,,passenger,Dining
Early / Main Seating vs. Late / Second Seating,Fixed dining times in the Main Dining Room — typically around 6 pm (early) and 8 pm (late). Pre-selected at booking.,,crew,Dining
Galley,"The ship's kitchen. A working galley on a large ship may produce 20,000+ meals per day.",,nautical,Dining
Lido Deck,The outdoor pool and buffet deck. From the Italian word for beach. Carnival calls its buffet the 'Lido Marketplace'; Holland America popularized the name.,,nautical,Dining
MDR — Main Dining Room,"The ship's primary sit-down restaurant, included in the fare. The single most-used abbreviation in cruise forums.",,crew,Dining
Specialty / Alternative Dining,"Extra-cost restaurants beyond the MDR — Chops Grille, Cagney's Steakhouse, Pinnacle Grill, Tuscan Grille, etc.",,crew,Dining
Washy Washy,The crew greeting at the buffet entrance requiring passengers to use hand sanitizer before entering. Now universally recognized by veteran cruisers. Originated on Royal Caribbean following norovirus protocol crackdowns after 2002.,"Delivered in a cheerful, sing-song tone — typically 'Washy washy, happy happy!' — by crew stationed at the Windjammer or Lido entrance. Veterans use it affectionately; new cruisers are sometimes surprised by the energy.",crew,Dining
Windjammer,"Royal Caribbean's branded buffet restaurant. Among RCCL enthusiasts, 'Windjammer' is sometimes used generically for any ship buffet.",,crew,Dining
All-Aboard Time,The mandatory return deadline for passengers at a port of call — typically 30 to 60 minutes before posted departure. The ship does not wait.,,crew,Embarkation & Itinerary
B2B / Back-to-Back,"Two consecutive sailings on the same ship, allowing passengers to remain onboard through turnaround day. B2B2B = three sailings in a row.",Passengers staying aboard between segments are called 'in-transit' passengers and follow a separate process on turnaround day.,passenger,Embarkation & Itinerary
Closed-Loop Sailing,A cruise that departs and returns to the same U.S. port. Relevant for passport requirements — U.S. citizens on closed-loop sailings to certain destinations may sail with a birth certificate instead of a passport.,,crew,Embarkation & Itinerary
Cruisetour,A cruise combined with a pre- or post-sailing land itinerary packaged by the line. Common in Alaska and Europe.,,crew,Embarkation & Itinerary
Debarkation / Disembarkation,The process of leaving the ship on the final day. Technically 'debark' is the correct nautical term; 'disembark' is more common in everyday use and even cruise-line marketing.,,nautical,Embarkation & Itinerary
Embarkation Day,Day 1 — the day passengers board the ship. Often the most chaotic and most exciting day of a sailing.,,crew,Embarkation & Itinerary
Port Day,A sailing day when the ship is docked or tendered at a port of call.,,crew,Embarkation & Itinerary
Port of Call,Each destination stop on the cruise itinerary.,,nautical,Embarkation & Itinerary
Repo / Repositioning Cruise,"A one-way sailing moving the ship between seasonal homeports — e.g., from the Caribbean to Europe in spring. Typically priced low per day with many sea days and few ports.",Popular with experienced cruisers who prefer sea days and value. Not for passengers who want frequent port stops.,passenger,Embarkation & Itinerary
Sailaway / Sailaway Party,"The informal deck celebration as the ship departs port on Day 1. Music, drinks, and the collective anticipation of leaving land behind.",,passenger,Embarkation & Itinerary
Sea Day,A full day at sea with no port stop — a chance to use the ship's amenities without crowds ashore.,,crew,Embarkation & Itinerary
Shorex / Shore Excursion,"A guided land tour or activity at a port of call. Can be booked through the cruise line (pricier, guaranteed ship wait if delayed) or independently (cheaper, no guarantee).",,crew,Embarkation & Itinerary
TA / Transatlantic,A crossing between Europe and the Americas. Also abbreviates 'Travel Agent' — context determines which. A classic repositioning route.,,passenger,Embarkation & Itinerary
Tender / Tender Port,"A small ferry shuttle used when the ship anchors offshore and passengers are ferried to land, rather than docking. Common at Grand Cayman, Cabo San Lucas, and Santorini.",,nautical,Embarkation & Itinerary
Wave Season,"January through March — the cruise industry's biggest promotional booking window, when lines roll out their best pricing and perks. Considered the cruise equivalent of retail's Black Friday.",,crew,Embarkation & Itinerary
Cashless / Cashless Sailing,"The standard onboard payment model — all purchases charged to your cabin account via your cruise card, not cash.",,crew,Onboard Account & Cards
Cruise Card,"Your all-in-one room key, ship ID, and payment card. Called a SeaPass on Royal Caribbean, Sail & Sign on Carnival, Key to the World on Disney, and Ocean Medallion (wearable disc) on Princess.",,crew,Onboard Account & Cards
FCC — Future Cruise Credit,"A voucher issued by the cruise line toward a future booking, typically in lieu of a cash refund for a cancellation.",,crew,Onboard Account & Cards
Gratuities / Auto-Tips / DSC,A daily per-person charge added automatically to your onboard account to cover crew gratuities. Called the Daily Service Charge (DSC) on Norwegian. Amounts and policies vary by line and can usually be pre-paid or adjusted.,,crew,Onboard Account & Cards
OBC — Onboard Credit,"Free spending money applied to your onboard account — typically from a booking promotion, travel agent perk, Future Cruise Credit, or compensation. The most-cited abbreviation in cruise glossaries.",,crew,Onboard Account & Cards
Onboard Account / Shipboard Account,"The running folio of charges accumulated during your sailing — drinks, specialty dining, spa, casino, excursions. Settled at the end.",,crew,Onboard Account & Cards
Captain's Club (Celebrity),Celebrity Cruises' loyalty program with five tiers culminating in Zenith.,,crew,Loyalty & Casino
Carnival Players Club,Carnival's casino loyalty program. Offers 'casino rate' pricing and tiered comps for tracked play — separate from the VIFP sailing loyalty program.,,crew,Loyalty & Casino
Casino Rate / Casino Comp,A free or deeply discounted cruise offer earned through tracked casino play. Available through programs like Club Royale (Royal Caribbean) and Carnival Players Club. Limited cabins; time-sensitive offers.,Offers arrive by email or mail after a qualifying sailing. Booking quickly matters — casino-rate cabins are limited and separate from general inventory.,crew,Loyalty & Casino
Castaway Club (Disney),"Disney Cruise Line's loyalty program with four tiers: Silver, Gold, Platinum, and Pearl.",,crew,Loyalty & Casino
Cheers! / Cheers Package,"Carnival Cruise Line's all-inclusive beverage package, covering alcoholic and non-alcoholic drinks up to a per-drink price threshold.",,crew,Loyalty & Casino
Club Royale (RCCL),"Royal Caribbean's casino loyalty program, providing tiered perks, cruise credits, and casino-rate offers based on play.",,crew,Loyalty & Casino
Crown & Anchor / C&A (RCCL),"Royal Caribbean's loyalty program with six tiers: Gold, Platinum, Emerald, Diamond, Diamond Plus, and Pinnacle Club — the top tier at 700 cruise points.","Pinnacle Club members earn milestone certificates for free or credited cruises. The program introduced 'Points Choice' in 2026, letting members direct points across Royal Caribbean Group brands.",crew,Loyalty & Casino
Points Choice,"Royal Caribbean Group's 2026 loyalty feature allowing members to direct earned cruise points to whichever sister-brand program (Royal Caribbean, Celebrity, Silversea) they choose.","Effective for sailings departing on or after January 30, 2026.",crew,Loyalty & Casino
Premier Offer (Carnival Casino),"Carnival's mid-tier invitation-only casino package offering priority debarkation, pre-cruise gifts, and a Welcome Aboard party — available on voyages of six days or longer for more active casino players.",,crew,Loyalty & Casino
Status Match,"The ability to transfer loyalty status between affiliated cruise lines. Royal Caribbean Group introduced cross-brand status matching in 2024, allowing top-tier Zenith (Celebrity) and Pinnacle (RCCL) members to match across all three RCG brands.",,crew,Loyalty & Casino
VIFP — Very Important Fun Person (Carnival),Carnival's passenger loyalty program. Tiers run Blue → Red → Gold → Platinum → Diamond.,,crew,Loyalty & Casino
All Access Tour,"A paid behind-the-scenes ship tour for passengers, covering the I-95 crew corridor, the galley, the bridge, and crew areas. Offered on Royal Caribbean and other lines.",,crew,Crew Jargon
Andiamo,"'Let's go' in Italian — imported from Italian officers, ubiquitous in crew speech across nationalities as a call to move quickly.",,crew,Crew Jargon
Banana,Crew slang for getting in trouble with a superior or authority figure. 'Getting a banana' means you've been reprimanded.,Origin unclear but consistent across multiple crew-side sources.,crew,Crew Jargon
Bomboclat,"Jamaican expression for shock, surprise, or emphasis — heavily used by Caribbean crew members in casual conversation.",,crew,Crew Jargon
Brata,"Crew slang meaning 'in trouble,' 'overwhelmed,' or 'in a mess.' Usage varies somewhat by nationality of the speaker.",,crew,Crew Jargon
Burro,"The mobile side-stand used by waitstaff — Spanish for 'donkey,' referencing the workhorse function of the cart.",,crew,Crew Jargon
Cheapatone,"Crew slang for a notoriously stingy guest — one who tips poorly, requests extra amenities constantly, and leaves little to nothing at the end of the voyage.",,crew,Crew Jargon
Crew Bar / Crew Mess / Staff Mess / Officers' Mess,Hierarchical crew-only social and dining rooms below the passenger decks. Officers' mess trends Western/Scandinavian cuisine; the crew mess rotates based on the ship's dominant crew nationalities.,,crew,Crew Jargon
I-95,The main crew corridor running bow-to-stern on the lowest passenger-adjacent deck — named after the U.S. East Coast interstate for its traffic and length. The artery of ship operations; passengers rarely see it.,"Visible to passengers on Royal Caribbean's All Access Tour. On large ships it runs hundreds of feet and is the primary route for crew, luggage, and supplies.",crew,Crew Jargon
Kakaria,"Crew slang covering two distinct things: tedious administrative tasks, paperwork, or bureaucratic nonsense; and elaborate or fussy garnishes on food and drinks. Both uses share the same implication — unnecessary excess that makes the job harder.",,crew,Crew Jargon
Mafia,"A crew member's informal favor network — fellow countrymen or trusted shipmates who can arrange extra food, schedule flexibility, or amenities. Every long-term crew member has one.",,crew,Crew Jargon
Paisano,A crew member's countryman — an automatic member of your mafia. From Italian; used broadly across crew nationalities.,,crew,Crew Jargon
Pax,Crew shorthand for passengers. 'Pax count' = total passengers aboard. From Latin passagarius.,,crew,Crew Jargon
Port Manning,"Maritime regulation requiring a minimum crew complement to remain aboard when the ship is in port, for safety and security.",,crew,Crew Jargon
Sign On / Sign Off,Joining the ship at the start of a crew contract (sign on) or departing at its end (sign off). Contracts typically run 4–9 months.,,crew,Crew Jargon
The Shirts,"Informal crew reference to ship's officers, identified by the gold stripe epaulettes on their uniform shirts — the number of stripes indicating rank.",,crew,Crew Jargon
Cabin Steward / Stateroom Attendant,"The crew member responsible for cleaning and maintaining your cabin, delivering towel animals, and responding to in-room requests.",,crew,Crew Jargon
Towel Animal,"An origami-style sculpture made from bath towels — mice, elephants, swans, monkeys — left on the bed during turndown service. A beloved cruise tradition.",,crew,Crew Jargon
Turn-Down Service,"Evening cabin preparation service — folding down the bed, leaving towel animals, and refreshing amenities. Reduced to once-daily housekeeping on Carnival and Norwegian since 2022 for many cabin categories.",,crew,Crew Jargon
"Alpha, Alpha, Alpha",PA code for a medical emergency requiring the medical team. Used by Royal Caribbean and others.,,crew,Codes & Signals
Bill W. Meeting / Friends of Bill W.,"Discreet code for an Alcoholics Anonymous meeting aboard the ship, named after AA co-founder Bill Wilson. Listed in the daily program to allow members to find each other without public identification.",Typically held in a quiet morning lounge slot. Friends of Jimmy K. is the equivalent for Narcotics Anonymous.,crew,Codes & Signals
"Bravo, Bravo, Bravo",PA code for a fire onboard. Repeated three times to signal crew response without alarming passengers. Disney uses 'Red Parties.',,crew,Codes & Signals
Code Adam,Lost or missing child onboard — named after Adam Walsh. Triggers ship-wide crew search protocol.,,crew,Codes & Signals
Code Orange,Early-stage containment of a gastrointestinal illness outbreak (typically norovirus). The buffet shifts from self-service to crew-served; enhanced sanitation begins.,,crew,Codes & Signals
Code Red,"Full activation for a gastrointestinal illness outbreak — pools and hot tubs may close, self-service buffet stops, and deep cleaning is ongoing throughout the ship.",,crew,Codes & Signals
"Code Zulu / Zulu, Zulu, Zulu","PA code indicating a physical altercation or fight onboard, calling security to a specific location.",,crew,Codes & Signals
Friends of Dorothy,Historical code used in cruise daily programs to signal an LGBTQ+ meet-up gathering — referencing Dorothy Gale from The Wizard of Oz. Largely retired post-2020; most lines now list these gatherings explicitly.,,crew,Codes & Signals
"Mr. MOB / Oscar, Oscar, Oscar","Code for man overboard — triggers immediate bridge response, engine stop, and crew deployment. Mr. MOB is the discreet PA version; Oscar is used by some lines.",,crew,Codes & Signals
Muster / Muster Drill,"The mandatory pre-sailing safety briefing and assembly drill, required by international maritime law (SOLAS). Passengers learn their muster station and emergency procedures. Most lines now permit e-mustering via app.",,nautical,Codes & Signals
Operation Bright Star,"Code for a severe medical emergency — cardiac event, stroke, or similar — or a passenger death onboard. Triggers the medical team and may require diverting the ship.",One of a family of 'Star' codes used across the industry. Related codes include Operation Rising Star and Fallen Star; exact usage and line attribution vary. Code Alpha covers the same medical emergency function on some lines.,crew,Codes & Signals
Operation Rising Star,"Code indicating a severe medical emergency or passenger death onboard. If a death, the deceased remains in the ship's mortuary until the next suitable port for repatriation.","One of a family of 'Star' codes used across the industry alongside Operation Bright Star and Fallen Star. Exact meaning and line attribution vary. Large ships see multiple passenger deaths per season, predominantly among elderly long-voyage passengers.",crew,Codes & Signals
PVI / Code V,Public Vomiting Incident — the crew call for a sanitation team. A hazard of sea days and open-bar sailings.,,crew,Codes & Signals
Aft,The rear of the ship. Aft cabins offer wake views; aft-facing balconies are prized by experienced cruisers.,,nautical,Ship Anatomy
Atrium / Centrum,The multi-deck open lobby at a ship's center. Royal Caribbean calls theirs the 'Centrum.' Often the site of entertainment and the ship's central staircase.,,nautical,Ship Anatomy
Beam,The width of the ship at its widest point.,,nautical,Ship Anatomy
Bow / Forward,The front of the ship. Forward cabins are close to the bow and can experience more ship motion in rough seas.,,nautical,Ship Anatomy
Bridge,The command center from which the ship is navigated and operated by the captain and officers.,,nautical,Ship Anatomy
Brig,"The ship's onboard holding cell for unruly or dangerous passengers. Rarely used, but present on all major vessels.",,nautical,Ship Anatomy
Davits,The crane-like structures that hold and lower the lifeboats. Obstructed-view cabins typically sit adjacent to davits.,,nautical,Ship Anatomy
Draft,The depth of the ship below the waterline — determines which ports and canals are accessible.,,nautical,Ship Anatomy
Dry Dock,"A scheduled period during which the ship is hauled from the water for maintenance, repairs, or refurbishment. Ships typically undergo dry dock every few years.",,nautical,Ship Anatomy
Funnel,"The ship's smokestack. Major cruise lines use the funnel as a brand identifier — Carnival's whale tail, RCCL's crown, NCL's red dot.",,nautical,Ship Anatomy
Gangway,The ramp or staircase connecting the ship to the dock or a tender. 'Walking the gangway' means boarding or departing.,,nautical,Ship Anatomy
Hull,The main body of the ship — the watertight shell from keel to deck.,,nautical,Ship Anatomy
Knot,One nautical mile per hour (1.15 mph). A ship cruising at 22 knots is traveling about 25 mph.,,nautical,Ship Anatomy
Midship,The middle section of the ship — the most stable area and the recommended location for passengers prone to seasickness.,,nautical,Ship Anatomy
Panamax / Neo-Panamax,Ship-size classifications based on the Panama Canal locks. Panamax fits the original locks; Neo-Panamax fits the expanded 2016 locks. Ships larger than either cannot transit the canal.,,nautical,Ship Anatomy
Port / Starboard,Left / right when facing forward toward the bow. Mnemonic: 'port' and 'left' both have four letters.,,nautical,Ship Anatomy
Promenade Deck,A wraparound outdoor walking deck encircling the ship — a classic feature of older vessels and a beloved spot for early-morning laps.,,nautical,Ship Anatomy
Stabilizers,Retractable underwater fins extending from the ship's hull to reduce rolling in rough seas.,,nautical,Ship Anatomy
Wake,The disturbed water trail left behind a moving ship. Watching the wake from an aft balcony is a favored pastime on sea days.,,nautical,Ship Anatomy
B2B,Back-to-Back — two consecutive cruises on the same ship.,,passenger,Abbreviations & Forum Speak
CCL,Carnival Cruise Line (also the NYSE ticker for Carnival Corporation).,,passenger,Abbreviations & Forum Speak
CLIA,Cruise Lines International Association — the industry's main trade body.,,crew,Abbreviations & Forum Speak
DCL,Disney Cruise Line.,,passenger,Abbreviations & Forum Speak
DSC,Daily Service Charge — Norwegian Cruise Line's term for auto-gratuity.,,crew,Abbreviations & Forum Speak
FCC,Future Cruise Credit.,,crew,Abbreviations & Forum Speak
FTTF,Faster to the Fun — Carnival's priority boarding and debarkation add-on.,,passenger,Abbreviations & Forum Speak
GTY,"Guarantee cabin booking — category guaranteed, specific cabin assigned by the line.",,crew,Abbreviations & Forum Speak
HAL,Holland America Line.,,passenger,Abbreviations & Forum Speak
JS,Junior Suite.,,crew,Abbreviations & Forum Speak
MDR,Main Dining Room.,,crew,Abbreviations & Forum Speak
MSC,MSC Cruises (Mediterranean Shipping Company).,,passenger,Abbreviations & Forum Speak
NCL / NCLH,Norwegian Cruise Line / Norwegian Cruise Line Holdings (parent company).,,passenger,Abbreviations & Forum Speak
OBC,Onboard Credit.,,crew,Abbreviations & Forum Speak
OS,Ocean Suite.,,crew,Abbreviations & Forum Speak
PCL,Princess Cruise Line.,,passenger,Abbreviations & Forum Speak
PVP,Personal Vacation Planner — Carnival's in-house sales agents.,,crew,Abbreviations & Forum Speak
RCCL / RCI,Royal Caribbean International (RCI) / Royal Caribbean Cruise Line (RCCL). Both in common use; the line officially uses 'Royal Caribbean International.',,passenger,Abbreviations & Forum Speak
RCG,"Royal Caribbean Group — the parent company of Royal Caribbean International, Celebrity Cruises, and Silversea.",,crew,Abbreviations & Forum Speak
TA,Travel Agent OR Transatlantic — context determines which. Critical distinction in booking discussions.,,passenger,Abbreviations & Forum Speak
VIFP,Very Important Fun Person — Carnival's passenger loyalty program designation.,,passenger,Abbreviations & Forum Speak
Castaway Cay / CC,Disney Cruise Line's private island in the Bahamas. DCL's marquee port of call; 'CC' in Disney cruise forums refers here (not to Concierge Class or CruiseCritic).,,crew,Private Islands
Cay,"A small, low sandy island — pronounced 'key.' Most cruise line private islands are technically cays.",,nautical,Private Islands
Celebration Key,"Carnival Cruise Line's private destination on Grand Bahama Island, opened in 2025.",,crew,Private Islands
CocoCay / Perfect Day at CocoCay,"Royal Caribbean's private island destination in the Bahamas, extensively developed with water parks, thrill slides, and the Hideaway Beach adults-only section.",,crew,Private Islands
Great Stirrup Cay / Harvest Caye,Norwegian Cruise Line's two private island destinations — Great Stirrup Cay in the Bahamas and Harvest Caye off Belize.,,crew,Private Islands
Half Moon Cay,A private Bahamian island shared by Holland America Line and Carnival Cruise Line.,,crew,Private Islands
Ocean Cay MSC Marine Reserve,"MSC Cruises' private island in the Bahamas, developed as a marine conservation reserve alongside passenger amenities.",,crew,Private Islands
Princess Cays,Princess Cruises' private Bahamian beach destination on Eleuthera.,,crew,Private Islands
Beaufort Scale,The standard 0–12 wind measurement scale used in maritime reporting. Force 6 (strong breeze) starts to affect passenger comfort; Force 8+ is a gale.,,nautical,Sea Conditions & Motion
Following Sea,Waves moving in the same direction as the ship — generally smoother than a beam sea or head sea.,,nautical,Sea Conditions & Motion
Land Legs / Mal de Débarquement,The post-cruise sensation of the ground still swaying after disembarking — a neurological adaptation reversal. Can persist for days.,,passenger,Sea Conditions & Motion
Pitch,The forward-to-back rocking motion of the ship. Bow-heavy in head seas.,,nautical,Sea Conditions & Motion
Roll,The side-to-side motion of the ship. Minimized by stabilizers but unavoidable in beam seas.,,nautical,Sea Conditions & Motion
Sea Legs,The body's adaptation to the ship's motion — finding your balance and steadiness on a moving deck. Usually develops within 24–48 hours.,,passenger,Sea Conditions & Motion
Bacon Police,Buffet staff who portion out bacon one or two strips at a time rather than leaving it fully self-serve. A universal cruise passenger grievance.,"A recurring joke on Cruise Critic and Reddit — the bacon police are both mocked and, quietly, appreciated for keeping the supply from vanishing in sixty seconds.",passenger,Behavior & Archetypes
Rum Runners,Flexible plastic flasks or similar concealable containers used to smuggle alcohol onboard against cruise line rules. Named for their purpose.,Widely discussed on Cruise Critic and passenger forums. Cruise line security has become adept at spotting them in luggage scans. The naughty room is often the result.,passenger,Behavior & Archetypes
"Ship, Not Boat","The correction veteran cruisers reflexively deliver whenever a newcomer calls the ship a 'boat.' Half-serious, half tribal — a quick signal of experience.","A ship is self-propelled and large enough to carry boats. By maritime convention, a boat is small enough to be carried on a ship. Most veterans will tell you this whether you asked or not.",passenger,Behavior & Archetypes
Upside-Down Pineapple,"A signal — typically via door magnet, tote bag, or cabin décor — associated in cruise communities with the swinger or lifestyle community. An upright pineapple is just a pineapple.",Well documented on Cruise Critic and Reddit. Many passengers display pineapple décor entirely innocently; context and placement matter. The upside-down version specifically carries the connotation.,passenger,Behavior & Archetypes
Ship Within a Ship,"Passenger shorthand for any suite-only enclave with restricted-access amenities — private restaurant, dedicated pool, lounge, concierge. The Haven (NCL), Yacht Club (MSC), and The Sanctuary (Princess) are the major examples.",The concept has expanded significantly since NCL introduced The Haven in 2005. Passengers use the phrase generically regardless of which line they're on.,passenger,Cabin & Stateroom
Stateroom,A passenger cabin. Used interchangeably with 'cabin' in everyday speech; 'stateroom' is the preferred marketing term across most cruise lines. Either is correct — 'room' alone tends to mark a newcomer.,,crew,Cabin & Stateroom
Naughty Room,"Passenger slang for the holding area where flagged luggage is sent after security scanners flag prohibited items — most often alcohol, but also other contraband.","Passengers whose bags land in the naughty room must report in person to claim them, usually after an awkward conversation with security. Rum runners frequently end their journey here.",passenger,Embarkation & Itinerary
E-Muster / Muster 2.0,"The modernized digital safety drill that replaced the traditional all-hands-on-deck muster. Passengers complete a safety briefing via the cruise line app before or shortly after boarding, then check in physically at their muster station — without the mass crowd assembly.",Accelerated by the COVID-19 pandemic. Royal Caribbean calls it 'eMuster'; other lines use 'Muster 2.0' or similar branding. Widely praised by repeat cruisers who dreaded the old format.,crew,Codes & Signals
Cabin Crawl,"A passenger-organized tour of multiple stateroom types, arranged through a sailing's roll call. Participants open their cabins for visiting so others can compare categories — inside vs. balcony vs. suite.","Popular with first-timers deciding whether to upgrade on a future sailing, and with veterans who just enjoy the community aspect. Usually scheduled for the first sea day.",passenger,Social Rituals & Events
Formal Night,"A scheduled dress-up evening in the Main Dining Room, traditionally featuring suits, gowns, and the captain's reception. Still observed on most traditional lines; more relaxed or optional on contemporary ones.",A perennial debate topic on cruise forums — how formal is formal enough? Carnival has largely moved away from it; Cunard still enforces black tie. Most lines now call it 'elegant night' to lower the pressure.,passenger,Social Rituals & Events
Roll Call,"A pre-cruise online thread or group — typically on Cruise Critic or Facebook — where passengers booked on the same sailing connect before departure. Used to coordinate cabin crawls, group excursions, slot pulls, and meet-and-greets.",One of the most practically useful passenger community tools. Active roll calls for popular sailings can have hundreds of participants months before departure.,passenger,Social Rituals & Events
Slot Pull,"A group casino activity organized through a roll call or meet-and-greet: passengers pool an equal buy-in, take turns spinning a single slot machine, and split any winnings evenly.",More social than financial in practice — the appeal is the shared experience and the drama of near-misses. Results are split regardless of who pushed the button.,passenger,Social Rituals & Events
White Night / White Party,"A themed evening — typically on the pool deck — where passengers are invited to dress in white. Line-specific variants include White Hot Night (Royal Caribbean), Bianco (MSC), and Glow Party (Norwegian).",One of the most photographed nights of any sailing. Passengers who forget to pack white clothing improvise creatively. The all-white dress code makes for striking group photos against the ocean backdrop.,passenger,Social Rituals & Events
10LBS,Passenger shorthand for the weight gain expected — and routinely achieved — on a cruise. The joke is that ten pounds is simply the cost of entry for a week at sea.,,passenger,Behavior & Archetypes
Balcony Club,"Passenger euphemism for couples who have had sex on their private cabin balcony. Membership is self-reported, often on social media, and the bar for entry is low.",,passenger,Behavior & Archetypes
Balcony in the Buff / BITB,Standing or relaxing naked on a private cabin balcony. Common enough to have its own phrase and forum abbreviation (BITB). Neighboring balcony passengers may or may not appreciate it.,,passenger,Behavior & Archetypes
"Board as Passengers, Leave as Cargo",A passenger joke about buffet excess — the implication being that the weight gained may require mechanical assistance on debarkation day.,,passenger,Behavior & Archetypes
Budgie Smugglers,Australian slang for men's tight Speedo-style swimwear — the name implying the wearer has managed to conceal a small parakeet in the garment. Encountered on the pool deck regardless of whether the physique supports the choice.,,passenger,Behavior & Archetypes
Buffet Queen / BQ,"A passenger who treats the ship's buffet as a full-time occupation — hovering, returning repeatedly, approaching the plate logistics with genuine strategy. Abbreviated BQ in cruise forums.",,passenger,Behavior & Archetypes
Elevenerifes,"Passenger slang for the one-upper type: if you've been to Tenerife, they've been to Elevenerife. A universal archetype applied to any destination, ship, or experience.",,passenger,Behavior & Archetypes
Fashion Police,"Passengers who scrutinize and judge what others are wearing on formal or elegant night — typically vocal about violations, rarely reflective about their own compliance.",,passenger,Behavior & Archetypes
Sea Air Shrinks Clothes,The standard passenger explanation for why clothing no longer fits correctly midway through a cruise. The sea air is almost never the culprit.,,passenger,Behavior & Archetypes
Selfish Sticks,"Passenger slang for selfie sticks — specifically for how they're deployed: extended horizontally into crowds, blocking sightlines, nearly removing nearby faces.",,passenger,Behavior & Archetypes
SpA / Speedo Alert,Passenger shorthand for alerting others to someone on the pool deck in aggressively tight Speedo-style swimwear. Companion term to Budgie Smugglers. Circulates in cruise forums and group chats.,,passenger,Behavior & Archetypes
Stewart,A common passenger mispronunciation or misspelling of 'steward' — as in cabin steward. Veteran cruisers notice it immediately; crew generally do not correct it.,,passenger,Behavior & Archetypes
Horizontal Court,Passenger nickname for Princess Cruises' Horizon Court buffet. The wordplay: guests exit horizontally after overindulging.,,passenger,Dining
Paddock,Australian passenger slang for the ship's buffet — the comparison being to a field where livestock graze. The guests in this metaphor are not flattered.,,passenger,Dining
A La Cartuch,"Crew slang meaning excellent, top quality, or exactly right. Used as general-purpose approval across crew nationalities.",,crew,Crew Jargon
Amo,Tagalog for master or boss — used shipboard to refer to a direct supervisor or manager. Widely understood across crew nationalities regardless of who is speaking.,,crew,Crew Jargon
Babalu / Babalina,Crew slang for a fool or someone who has done something obviously wrong. Babalu is the standard form; Babalina is the feminine variant. Deployed as light teasing after a mistake more often than as a genuine insult.,,crew,Crew Jargon
Cones,"Crew slang for passengers — specifically for how they move: slowly, unpredictably, stopping without warning in high-traffic corridors. The reference is to orange traffic cones.",,crew,Crew Jargon
Company Rich,A crew expression used when equipment is accidentally broken or supplies wasted — meaning 'the company can afford it.' Said mostly in jest; nobody actually believes it.,,crew,Crew Jargon
Fix,"Crew slang with two uses: to quietly take something from another crew member's station, or to plan retaliation against someone who wronged you. Context makes clear which.",,crew,Crew Jargon
Going to Church,Crew euphemism for going to the crew bar after a long shift. The regularity and devotion implied by the phrase is not accidental.,,crew,Crew Jargon
Gordo,Spanish for fat — used in crew slang to describe a noticeably overweight passenger. Not deployed within earshot of the subject.,,crew,Crew Jargon
Kaboomba,"Crew slang for food cooked well past the point of doneness — a steak turned to charcoal, bread burned through. The word is roughly onomatopoeic for the result.",,crew,Crew Jargon
La Ge Ge,"Crew expression for being slammed — extremely busy, running behind, or fully in the weeds. Sometimes described as 'running like chickens.' Not a casual state.",,crew,Crew Jargon
Mamagaio,"Derived from Tagalog — a crew member who disappears during a shift: hiding in their cabin, killing time, or avoiding work while technically on duty.",,crew,Crew Jargon
Mambruko,"Crew slang for an idiot or someone acting foolishly. Depending on relationship and tone, can be a genuine insult or a playful jab.",,crew,Crew Jargon
"Mucho Trabaho, Poco Denaro","Spanish-inflected crew lament: 'lots of work, very little money.' A sentiment shared universally across departments and nationalities.",,crew,Crew Jargon
Myuzo,Crew slang for a shipboard musician — entertainment department staff who occupy a distinct social tier among crew.,,crew,Crew Jargon
Next Cruise,Crew expression meaning 'it's not happening' or 'ask me later' — a firm but polite dismissal. Also called out in elevators to leave other crew behind before the doors close.,,crew,Crew Jargon
No Rice No Power,"A crew motto — particularly among Filipino crew — expressing that rice is non-negotiable fuel for the workload. Part practical, part joke.","Filipino crew members constitute the largest single nationality group on most major vessels, particularly in housekeeping and food and beverage. The phrase circulates widely in crew social media and accounts.",crew,Crew Jargon
Opening Water-Tight Doors,Crew euphemism for a sexual encounter in a cabin. The phrase also carries a more specific implication: a crew member — often a woman — securing a promotion or preferential treatment by sleeping with a superior officer.,,crew,Crew Jargon
"Same Shit, Same Ship","A crew mantra for the repetition of contract life — the same route, the same schedule, the same complaints from the same categories of passenger, every week.",,crew,Crew Jargon
Screw Bar,Crew nickname for the crew bar — referencing both what happens there socially and the general disposition of regulars.,,crew,Crew Jargon
SLF,Self-Loading Freight — the most reductive crew acronym for passengers. Used in contexts where 'Pax' would be too charitable. Borrowed from aviation.,,crew,Crew Jargon
Stripe Chaser / Stripe Hunter,"A crew member — or occasionally a passenger — who specifically pursues romantic or sexual relationships with officers based on rank, measured in epaulette stripes. Both terms are in active use.",,crew,Crew Jargon
Taka-Taka,"Crew slang for idle gossip, meaningless chatter, or nonsense talk. The word itself sounds like what it describes.",,crew,Crew Jargon
Troso,Spanish for 'log of wood' — crew slang for a colleague or passenger who is exceptionally slow to understand instructions or grasp a straightforward situation.,,crew,Crew Jargon
Watching DVDs,"Crew euphemism for a sexual encounter in a cabin. The reasoning: ship satellite internet is too slow and expensive to actually stream anything, so if someone is 'watching DVDs,' they are not watching DVDs.",,crew,Crew Jargon
Code Baby Ruth,Carnival Cruise Line's internal code for a fecal incident in a pool — named after the candy bar scene in Caddyshack. Triggers immediate pool evacuation and sanitation response.,,crew,Codes & Signals
Code Brown,"Crew code for a fecal accident in a pool or public area, requiring immediate evacuation and deep sanitation. Used across multiple lines; line-specific variants include Code Baby Ruth (Carnival) and Code Winnie (Disney).",Distinct from Code Yellow (vomit). Both require sanitation response; Code Brown typically also triggers pool closure.,crew,Codes & Signals
Code Charlie,"A security threat onboard or near the vessel — bomb threat, suspicious package, or approaching external threat. Triggers security and command response.",,crew,Codes & Signals
Code Delta,Significant damage to the ship's hull or a major biohazard event. A structural or containment emergency requiring damage-control response.,,crew,Codes & Signals
Code Echo,"A collision threat, dangerous wind event in port, or alert that the ship is beginning to drift from its berth. Triggers bridge and deck response.",,crew,Codes & Signals
Code Kilo,An instruction for all crew to report immediately to their designated emergency stations. Typically precedes or accompanies a broader emergency activation.,,crew,Codes & Signals
Code Winnie,"Disney Cruise Line's line-specific code for a fecal incident in the pool. A branded variant of Code Brown, named with Disney's characteristic approach to making everything proprietary.",,crew,Codes & Signals
Code Yellow,Crew code for a vomiting incident in a public area. Communicated via PA or radio to summon the sanitation team. Frequency increases on rough sea days and open-bar sailings.,"On Celebrity Cruises this is paged as 'Purell' followed by a deck and location — e.g., 'Purell, Deck 4, Midship.' See also: Purell.",crew,Codes & Signals
Fallen Star,A discreet crew code indicating a passenger death onboard. One of a family of 'Star' codes used across the industry for severe medical emergencies and deaths.,Emergency codes vary by line. Fallen Star specifically signals death. Operation Rising Star and Operation Bright Star — used notably by lines including Carnival and Disney — can indicate either a life-threatening medical emergency or a death. All three are legitimate industry terms for the same category of event.,crew,Codes & Signals
Purell,"A PA or radio code — used notably on Celebrity Cruises — to summon a sanitation team to a specific location for biohazard cleanup, most often vomit. Named for the hand sanitizer brand. Equivalent to Code Yellow on other lines.",,crew,Codes & Signals
CW — Cruise Whiners,"Forum abbreviation for passengers who complain relentlessly about minor inconveniences — food quality, noise, wait times — typically on social media or review platforms during or after the sailing.",,passenger,Abbreviations & Forum Speak
DH / DW / DD / DS,"Forum abbreviations for Dear Husband, Dear Wife, Dear Daughter, Dear Son. Standard shorthand across Cruise Critic and Facebook cruise groups. 'Dear' is occasionally replaced with 'Damn' depending on context.",,passenger,Abbreviations & Forum Speak
MILF,Cruise forum repurposing of a well-known acronym: 'Marinas I Like to Frequent.' The alternative meaning is understood by all parties involved.,,passenger,Abbreviations & Forum Speak
Door Décor,"The custom of personalizing a cabin door with themed magnets, signs, or banners — for decoration and to identify your stateroom in a corridor of identical doors.",Particularly common on Carnival and Disney sailings. Magnets are the dominant format since adhesives damage cabin doors and are prohibited. The Magnet Stealer archetype exists entirely because of this custom.,passenger,Social Rituals & Events
